Brand,Model,Year,Body,Mileage,EngineV,Engine Type,Registration,Price
Volkswagen,Golf,2007,vagon,21330.0,2.4466333398046376,Diesel,yes,30500.0
Mitsubishi,X3,2012,other,43430.0,1.8717031995340414,Diesel,no,19100.0
Renault,C-Class,2018,other,7494.0,2.001103720806388,Diesel,yes,30200.0
Volkswagen,A4,2002,crossover,29353.0,0.9785816382951307,Gas,no,20300.0
Mercedes-Benz,Clio,2023,vagon,49206.0,2.8903572241657622,Other,yes,44300.0
Renault,Clio,2007,sedan,33559.0,2.8621210476233148,Diesel,no,23800.0
Renault,Outlander,2001,vagon,25689.0,0.9506537996265729,Petrol,yes,21700.0
Volkswagen,X3,2007,hatch,254552.0,2.6941056671249086,Gas,yes,3000.0
BMW,A4,2012,van,106144.0,2.3232813240072065,Gas,yes,33700.0
Mercedes-Benz,X3,2012,sedan,48829.0,1.1824207116873628,Petrol,yes,32900.0
Volkswagen,A4,2000,other,42126.0,1.0351998391420243,Diesel,yes,14500.0
Mercedes-Benz,Outlander,2005,sedan,48466.0,2.298794615521378,Other,yes,28600.0
Mercedes-Benz,Outlander,2023,other,11239.0,1.6818367088744657,Diesel,yes,40600.0
Renault,Clio,2018,other,25137.0,3.4559590804397367,Petrol,yes,30000.0
Mitsubishi,X3,2015,sedan,2012.0,2.762078715719125,Gas,yes,31300.0
Mercedes-Benz,Camry,2007,other,32269.0,2.378954509385782,Other,yes,30500.0
Toyota,Clio,2000,other,39156.0,2.4184632032019158,Gas,yes,18300.0
Renault,X3,2015,hatch,12922.0,3.0646937442937343,Petrol,yes,30400.0
BMW,Clio,2008,vagon,166251.0,2.6772144733818704,Diesel,yes,24000.0
Mitsubishi,Camry,2012,vagon,120095.0,2.399813150796818,Other,yes,21400.0
Toyota,C-Class,2010,van,64032.0,1.215791058961992,Gas,yes,31300.0
Toyota,C-Class,2012,van,38112.0,4.449557572324975,Gas,yes,38200.0
BMW,C-Class,2020,hatch,101999.0,1.1174537941534135,Gas,no,24000.0
Mitsubishi,C-Class,2009,van,7000.0,1.7499658103198683,Diesel,yes,36200.0
Renault,Golf,2003,sedan,78153.0,0.8,Other,yes,11700.0
Audi,A4,2005,crossover,6666.0,2.43103852701541,Diesel,yes,37900.0
Mitsubishi,Golf,2006,crossover,79045.0,2.120888349827846,Diesel,yes,26100.0
BMW,Golf,2004,crossover,16132.0,2.6122211506918083,Diesel,yes,43000.0
Toyota,Golf,2010,hatch,104815.0,0.8,Petrol,yes,18200.0
Renault,C-Class,2012,hatch,144157.0,2.8903245339047454,Petrol,yes,16500.0
Mitsubishi,Camry,2018,other,8055.0,1.3540516788243084,Petrol,yes,27700.0
Audi,Outlander,2022,crossover,31057.0,1.8807958405089078,Other,yes,40200.0
Audi,Outlander,2009,sedan,198132.0,2.7452570149448516,Diesel,yes,21200.0
Mercedes-Benz,A4,2009,van,33025.0,2.2090133473055196,Diesel,yes,46600.0
Mercedes-Benz,C-Class,2010,sedan,99588.0,2.265554045333491,Petrol,yes,27100.0
Volkswagen,C-Class,2020,van,44425.0,2.6393430559243196,Diesel,no,39600.0
BMW,C-Class,2006,crossover,23526.0,2.3430325119509794,Diesel,yes,41800.0
Mitsubishi,Clio,2017,crossover,16828.0,1.727113677961026,Gas,yes,34600.0
Mitsubishi,X3,2003,crossover,11359.0,1.8668246974118168,Diesel,no,27600.0
Volkswagen,Clio,2001,hatch,71731.0,2.1695029429214583,Gas,yes,15300.0
Toyota,X3,2013,van,24432.0,1.2835551251629322,Diesel,yes,36300.0
Toyota,C-Class,2012,hatch,35797.0,2.7968069275109357,Other,yes,27800.0
Volkswagen,C-Class,2011,hatch,33895.0,2.2309231446459874,Petrol,no,24900.0
Toyota,Clio,2006,vagon,43052.0,2.059821014337575,Gas,yes,26800.0
Mercedes-Benz,Clio,2001,sedan,100338.0,2.9539972472251765,Petrol,yes,31100.0
Mitsubishi,X3,2012,sedan,197484.0,,Gas,yes,11300.0
Volkswagen,Outlander,2013,other,26177.0,1.8540632022780663,Gas,no,24800.0
Mitsubishi,X3,2016,hatch,87873.0,1.6122969887968286,Gas,yes,20800.0
Audi,Clio,2008,van,72308.0,2.274453607140748,Other,yes,33600.0
Mercedes-Benz,Camry,2016,vagon,42610.0,2.246760086665212,Diesel,no,40000.0
Renault,Clio,2007,vagon,156231.0,1.4669726395920746,Gas,yes,9400.0
Mercedes-Benz,Camry,2001,sedan,11186.0,1.85784481830928,Other,yes,32300.0
Volkswagen,A4,2023,hatch,5785.0,1.4723181851846134,Gas,yes,33300.0
Renault,Clio,2012,other,96194.0,1.4361052369476077,Diesel,yes,16700.0
Audi,A4,2002,hatch,28915.0,0.8,Gas,no,19200.0
Volkswagen,Outlander,2015,crossover,93855.0,1.8152717970547556,Other,yes,25500.0
BMW,X3,2005,hatch,111788.0,0.8,Diesel,no,14500.0
Mitsubishi,Camry,2018,crossover,3224.0,1.6297474509283911,Other,yes,37400.0
Audi,X3,2006,crossover,107478.0,1.5098442832979133,Diesel,yes,32200.0
Mitsubishi,A4,2009,other,29739.0,2.8415160458124835,Diesel,no,27600.0
Toyota,Camry,2008,van,35711.0,1.1880521549522864,Petrol,yes,28800.0
BMW,X3,2001,sedan,49254.0,1.3910508921484195,Petrol,yes,27300.0
BMW,Clio,2014,hatch,130443.0,1.694780688646742,Petrol,yes,24700.0
Audi,C-Class,2004,crossover,1000.0,1.5358850787977791,Diesel,no,34700.0
BMW,A4,2021,hatch,32393.0,3.095403837937501,Gas,yes,40100.0
Renault,X3,2003,van,58193.0,1.0891461015603043,Other,yes,19000.0
BMW,A4,2019,sedan,64134.0,1.6964764008113264,Other,yes,36700.0
Mitsubishi,Golf,2003,van,58969.0,2.2656521993315253,Other,yes,26100.0
Mitsubishi,A4,2017,sedan,7218.0,2.7049466744336055,Petrol,yes,32600.0
Volkswagen,Camry,2003,vagon,17790.0,1.6958067552558374,Diesel,yes,29900.0
Mitsubishi,Golf,2016,sedan,22214.0,0.8,Petrol,yes,28800.0
Volkswagen,Camry,2011,other,81593.0,1.8799166227315962,Gas,yes,18800.0
Mitsubishi,C-Class,2021,van,16339.0,3.081622780944572,Diesel,yes,44500.0
Renault,Golf,2016,crossover,11830.0,2.2257499259443416,Other,no,30900.0
Volkswagen,Clio,2009,vagon,157851.0,2.1891342898879462,Petrol,yes,14800.0
Mercedes-Benz,A4,2021,other,1000.0,1.1495856067384027,Petrol,no,33900.0
Toyota,X3,2000,hatch,300000.0,1.067462727769068,Gas,yes,3000.0
Audi,Outlander,2021,van,56477.0,2.014433318907279,Gas,yes,40900.0
Mitsubishi,A4,2023,crossover,88149.0,0.8588968621748736,Petrol,no,26700.0
BMW,A4,2017,sedan,17450.0,2.6250897778900084,Gas,yes,38800.0
Mitsubishi,C-Class,2017,crossover,1000.0,1.3226830009069102,Other,yes,33000.0
BMW,Clio,2013,hatch,66945.0,1.980274175414805,Gas,no,28000.0
Toyota,Outlander,2014,vagon,89831.0,0.8,Gas,yes,23300.0
Toyota,Golf,2011,vagon,67445.0,1.6849585052451945,Petrol,yes,26400.0
Toyota,Golf,2003,van,7707.0,1.0513115622958376,Petrol,yes,33300.0
BMW,Golf,2002,vagon,70005.0,0.8,Diesel,yes,25400.0
Mitsubishi,Camry,2019,van,73250.0,2.433473671469054,Diesel,yes,33500.0
Toyota,Camry,2011,van,53726.0,3.3129276312732587,Petrol,yes,31800.0
Renault,X3,2006,van,72646.0,2.903578871475157,Gas,yes,23800.0
Volkswagen,Outlander,2010,sedan,93514.0,2.545352551923044,Gas,yes,24900.0
BMW,Golf,2000,other,47544.0,1.6687030656435633,Diesel,yes,19300.0
BMW,Camry,2005,van,4638.0,2.644712182838261,Diesel,yes,43300.0
Mitsubishi,X3,2014,van,33435.0,2.979082558858982,Diesel,yes,38900.0
BMW,Clio,2014,other,4041.0,2.1094574637370345,Other,yes,29100.0
BMW,X3,2018,crossover,26173.0,1.0525118621503817,Other,yes,38800.0
Toyota,Camry,2010,van,26137.0,1.6004925611269032,Diesel,yes,38800.0
Mitsubishi,C-Class,2022,sedan,3414.0,3.3621571906783494,Gas,yes,42300.0
Toyota,C-Class,2001,vagon,21448.0,1.9402046654798668,Diesel,yes,30200.0
Volkswagen,Golf,2013,vagon,5882.0,,Other,no,25800.0
Volkswagen,C-Class,2001,hatch,82574.0,0.8248612290638451,Gas,yes,10000.0
Toyota,Golf,2003,hatch,147526.0,1.6604410374860148,Other,yes,11100.0
Volkswagen,Golf,2016,vagon,3753.0,2.8286601907340545,Gas,yes,37500.0
Mitsubishi,Camry,2002,vagon,155182.0,1.7815021180744703,Other,yes,14200.0
Audi,C-Class,2012,sedan,36967.0,2.843545323978608,Gas,no,34300.0
Toyota,Golf,2008,other,17802.0,1.5790701171620087,Gas,no,21700.0
Renault,Outlander,2006,hatch,3998.0,0.8,Gas,yes,18800.0
Renault,Clio,2014,other,34719.0,1.6067510731215324,Gas,yes,27400.0
BMW,X3,2022,sedan,79119.0,2.275956001237028,Petrol,no,35200.0
Volkswagen,X3,2010,vagon,61393.0,2.2095602794730507,Other,no,23500.0
Renault,Camry,2019,van,2576.0,0.9959138005946915,Other,yes,32800.0
BMW,C-Class,2001,other,3784.0,1.7190430385569877,Petrol,yes,24700.0
Audi,C-Class,2014,vagon,25781.0,4.1477393904512585,Gas,yes,37800.0
Mitsubishi,Golf,2013,vagon,17498.0,1.0133849389624987,Gas,no,25600.0
Mitsubishi,A4,2019,crossover,13223.0,2.5285787155709993,Other,yes,40600.0
Mitsubishi,Golf,2021,other,16495.0,0.8,Petrol,yes,23200.0
Renault,Clio,2010,van,81350.0,2.6910334596557295,Gas,yes,25500.0
Audi,Outlander,2002,other,132414.0,,Gas,yes,9200.0
Renault,X3,2016,vagon,25968.0,,Gas,yes,30900.0
Volkswagen,Golf,2011,van,118282.0,0.9667795185854389,Diesel,no,21600.0
Renault,A4,2023,sedan,19393.0,2.2326822401413655,Petrol,yes,30500.0
Audi,A4,2020,crossover,32354.0,1.2730797634068494,Gas,yes,36600.0
Audi,Golf,2014,vagon,12811.0,1.4279614536266996,Diesel,yes,37100.0
Volkswagen,Camry,2015,hatch,51148.0,2.3535888051160248,Petrol,yes,30300.0
Audi,X3,2004,hatch,193116.0,1.6556916188823871,Gas,yes,11500.0
Audi,Camry,2019,crossover,46253.0,2.304305158573049,Other,yes,39700.0
Mitsubishi,Outlander,2005,sedan,22143.0,1.8473269450853194,Diesel,yes,28800.0
Volkswagen,A4,2018,vagon,52180.0,2.05399494499782,Diesel,yes,33400.0
Mercedes-Benz,A4,2004,other,6557.0,2.356069177082721,Gas,yes,29200.0
Mercedes-Benz,Clio,2002,crossover,109757.0,1.7199852363270873,Gas,yes,26900.0
Audi,Outlander,2000,sedan,34966.0,1.2031601711985807,Diesel,no,25200.0
Mercedes-Benz,A4,2005,other,29832.0,1.5741501872561678,Other,no,23000.0
Mercedes-Benz,Outlander,2014,hatch,44078.0,2.956111343866749,Other,yes,36000.0
Audi,X3,2001,hatch,49012.0,2.0929384672612397,Petrol,yes,25700.0
Mercedes-Benz,C-Class,2002,other,3724.0,1.324081237271621,Gas,no,24300.0
Renault,A4,2016,crossover,57382.0,2.321248486710175,Other,yes,28800.0
BMW,Clio,2023,hatch,13849.0,2.374652467951311,Petrol,no,39800.0
Volkswagen,X3,2011,vagon,62579.0,2.4159992606382485,Other,no,27100.0
BMW,Golf,2017,van,86449.0,1.2177302397029715,Gas,yes,35600.0
Audi,Outlander,2014,other,81471.0,1.4540872045712838,Petrol,yes,22300.0
Mitsubishi,Golf,2011,other,40204.0,1.4585366268903908,Petrol,no,19400.0
Volkswagen,Camry,2015,hatch,36716.0,1.7114816703470466,Petrol,yes,24000.0
Audi,X3,2007,crossover,7708.0,2.4311353481149878,Other,yes,38100.0
Mitsubishi,Golf,2013,vagon,74659.0,2.2369478437848107,Gas,yes,20000.0
BMW,A4,2016,crossover,15832.0,2.3001735657257303,Petrol,yes,40800.0
Audi,Outlander,2020,sedan,34327.0,3.0832153138972185,Diesel,yes,38700.0
Volkswagen,C-Class,2007,sedan,16722.0,2.551112745993304,Gas,yes,30600.0
Volkswagen,X3,2014,van,7183.0,1.88655870000313,Diesel,no,37400.0
Toyota,A4,2013,hatch,49652.0,1.0528918591580003,Diesel,yes,23700.0
Renault,Clio,2017,hatch,2793.0,1.4283623932233036,Petrol,yes,29000.0
Mercedes-Benz,Camry,2019,hatch,69044.0,1.7906359458574184,Petrol,yes,34900.0
Mitsubishi,Outlander,2006,van,19105.0,2.663303861868891,Other,yes,33000.0
Toyota,X3,2002,sedan,1000.0,1.9781344527151252,Other,yes,27500.0
Mercedes-Benz,X3,2011,crossover,35782.0,1.4750432360892454,Other,no,36900.0
Mercedes-Benz,C-Class,2020,van,2399.0,1.4136856914182192,Gas,no,48000.0
Audi,C-Class,2023,van,16159.0,1.944337432863019,Other,yes,45500.0
Mercedes-Benz,Clio,2002,crossover,61375.0,,Diesel,yes,37700.0
Renault,Camry,2019,hatch,3237.0,3.272815444620094,Other,yes,33500.0
Volkswagen,Clio,2013,vagon,91422.0,1.835385121576266,Petrol,yes,21400.0
Toyota,A4,2014,crossover,1000.0,1.9642054553899215,Other,yes,39500.0
Mercedes-Benz,A4,2013,sedan,14172.0,1.0288466350740935,Gas,yes,38800.0
Audi,Clio,2006,other,67527.0,3.551354055279573,Gas,no,22200.0
Renault,Camry,2016,other,19009.0,0.8791977294751327,Diesel,yes,26700.0
BMW,Clio,2011,van,5373.0,2.93732984942444,Gas,yes,44300.0
Volkswagen,Camry,2019,other,22332.0,1.7077312375900235,Other,yes,28600.0
Volkswagen,Camry,2003,vagon,15762.0,1.5205068049277448,Petrol,yes,29300.0
Toyota,Golf,2008,hatch,92483.0,1.1119971424912585,Gas,yes,15600.0
Volkswagen,Outlander,2005,sedan,18796.0,3.928038919525707,Diesel,yes,34400.0
Mercedes-Benz,Camry,2015,vagon,77778.0,2.1771932986227154,Other,yes,32200.0
Audi,C-Class,2021,sedan,111222.0,2.0170243496832505,Diesel,yes,30600.0
Volkswagen,Camry,2021,sedan,28441.0,2.709385887643634,Gas,yes,31000.0
Volkswagen,Camry,2020,hatch,120365.0,1.4793338194960293,Gas,yes,20500.0
BMW,Camry,2020,van,23685.0,2.0014767641848046,Diesel,yes,50500.0
BMW,Golf,2001,other,166320.0,2.0450690294496967,Other,yes,10300.0
Mitsubishi,Golf,2023,hatch,4676.0,1.5902834141214934,Gas,no,30200.0
Renault,A4,2007,vagon,58080.0,2.9597104633487312,Petrol,yes,24400.0
Mercedes-Benz,Golf,2010,van,34042.0,1.8250764708032767,Gas,yes,42700.0
Volkswagen,C-Class,2012,vagon,24522.0,0.8,Other,yes,27500.0
Volkswagen,C-Class,2016,van,50080.0,1.758802109183301,Gas,yes,28700.0
Audi,Golf,2007,vagon,60845.0,2.1993429373711177,Diesel,yes,34600.0
Mitsubishi,Clio,2020,hatch,1000.0,1.2852054128899133,Gas,yes,28800.0
Renault,Outlander,2017,van,9133.0,1.3483241654636489,Gas,yes,29600.0
Mitsubishi,Golf,2017,van,62421.0,1.5629927694991674,Other,yes,29000.0
Toyota,Camry,2013,sedan,54888.0,2.9769885280535684,Diesel,no,27600.0
Renault,X3,2014,sedan,169139.0,1.610273581883435,Other,yes,8900.0
Volkswagen,Outlander,2005,crossover,71572.0,3.143293614840825,Gas,no,25700.0
Volkswagen,Outlander,2010,vagon,150565.0,1.5080396494813315,Petrol,yes,16700.0
Renault,C-Class,2012,sedan,60623.0,2.2600113090052334,Gas,yes,23300.0
Volkswagen,Outlander,2000,crossover,17694.0,1.643005860624199,Other,no,24300.0
Mercedes-Benz,Golf,2005,sedan,5566.0,2.6032665362323777,Petrol,yes,35900.0
Renault,Camry,2008,vagon,76122.0,1.1053806763477767,Other,yes,17600.0
Mitsubishi,Camry,2007,van,51662.0,2.594287583661785,Other,yes,28200.0
Renault,A4,2010,other,2469.0,2.0910955202477473,Diesel,yes,23800.0
Volkswagen,Camry,2021,vagon,22318.0,1.4880065465780405,Petrol,yes,33000.0
Mercedes-Benz,Camry,2018,hatch,157095.0,1.8670228122318795,Gas,yes,24600.0
Mercedes-Benz,C-Class,2023,sedan,34697.0,3.22708395282574,Other,no,45900.0
Toyota,Camry,2008,sedan,28345.0,2.110275603904627,Gas,yes,29300.0
Mitsubishi,A4,2016,van,30596.0,1.437817587269889,Diesel,no,35800.0
BMW,X3,2011,hatch,11715.0,1.03624537373751,Diesel,no,31200.0
BMW,Golf,2013,van,22999.0,2.4043234187447977,Petrol,yes,48100.0
Renault,C-Class,2014,hatch,23086.0,2.1566761976085482,Diesel,yes,32800.0
Toyota,X3,2015,other,2688.0,2.556016556070579,Diesel,no,29000.0
Audi,C-Class,2021,sedan,72957.0,0.8302202082481263,Gas,no,27600.0
Renault,Clio,2021,sedan,26935.0,1.0621916376868001,Diesel,yes,30200.0
Toyota,Outlander,2019,other,86349.0,2.9175033594015196,Diesel,yes,28400.0
Mitsubishi,Clio,2000,crossover,94972.0,2.2650733174234725,Other,yes,19600.0
Mitsubishi,Camry,2009,van,11912.0,2.4267206809900497,Diesel,yes,36100.0
Mitsubishi,X3,2007,other,53552.0,1.2298503743136373,Other,yes,15100.0
Mitsubishi,Camry,2017,van,31959.0,1.215210241336865,Diesel,yes,34300.0
Mitsubishi,Outlander,2000,vagon,106078.0,2.7930069265536708,Diesel,yes,22300.0
Toyota,C-Class,2001,sedan,12150.0,2.8307021238121193,Petrol,yes,29600.0
Toyota,Outlander,2000,van,56631.0,1.129344410376757,Petrol,yes,26300.0
Mercedes-Benz,A4,2000,hatch,46793.0,0.9765036033177239,Other,yes,22100.0
BMW,Outlander,2008,van,17499.0,1.9131256234300447,Diesel,yes,44100.0
Volkswagen,A4,2012,vagon,7343.0,1.3605212372991948,Gas,yes,27700.0
Mitsubishi,Outlander,2000,sedan,52725.0,1.3438584967631795,Petrol,yes,16300.0
Audi,Golf,2012,other,67084.0,0.9988974028580859,Gas,yes,21100.0
Volkswagen,A4,2019,vagon,18962.0,1.6252529213757065,Petrol,yes,31700.0
Toyota,X3,2021,sedan,51758.0,1.0762442058937072,Petrol,no,26400.0
Audi,Camry,2006,van,25137.0,1.1236792775926108,Diesel,yes,37700.0
Audi,Camry,2001,crossover,62449.0,2.2387134772530435,Petrol,yes,30200.0
Audi,Clio,2005,crossover,11108.0,1.9558414125700987,Gas,yes,36900.0
Mercedes-Benz,Camry,2006,hatch,110461.0,2.3879029452257052,Petrol,no,20900.0
Toyota,C-Class,2013,sedan,16942.0,0.8,Other,yes,28300.0
Audi,Golf,2017,crossover,22926.0,2.0079044878638106,Diesel,yes,41900.0
Mitsubishi,Outlander,2014,other,2992.0,3.6605100337326704,Diesel,yes,36300.0
Renault,Clio,2001,sedan,5911.0,1.7021820125715208,Other,yes,23900.0
Audi,C-Class,2009,other,36269.0,2.6597992052578383,Other,yes,29300.0
Mercedes-Benz,C-Class,2022,other,15570.0,2.6528054790195386,Other,yes,41400.0
Volkswagen,A4,2011,crossover,90236.0,2.6921588864010206,Petrol,yes,28200.0
Toyota,Camry,2016,sedan,,2.1333293496458583,Diesel,yes,39400.0
Mercedes-Benz,X3,2007,van,23828.0,2.4528687861953715,Other,yes,43300.0
Audi,X3,2010,vagon,20575.0,2.5592108960104043,Petrol,yes,35300.0
Toyota,Clio,2002,crossover,1000.0,2.508356822651486,Other,no,31800.0
Renault,Golf,2005,crossover,6640.0,1.106065461189283,Gas,yes,22200.0
Audi,X3,2008,van,26691.0,0.8,Gas,no,36700.0
Mercedes-Benz,Outlander,2005,sedan,33948.0,0.8,Diesel,yes,30300.0
BMW,X3,2008,sedan,25900.0,1.783872006093869,Petrol,yes,34100.0
Mitsubishi,Clio,2006,other,37850.0,2.4751413875381156,Gas,yes,20800.0
Volkswagen,X3,2008,van,45209.0,1.1164709779907322,Gas,no,22800.0
Mercedes-Benz,Outlander,2017,van,1000.0,2.739176366867523,Petrol,yes,48000.0
Toyota,A4,2011,sedan,31189.0,1.598179860393691,Other,yes,29700.0
Audi,Golf,2007,other,165521.0,,Petrol,yes,14900.0
Mitsubishi,Clio,2007,crossover,36597.0,1.3311144032963198,Other,yes,23700.0
Audi,A4,2017,hatch,56589.0,0.8,Gas,yes,23200.0
Toyota,A4,2019,vagon,18688.0,2.1834513027477174,Gas,yes,36000.0
Audi,A4,2014,crossover,74359.0,3.3701341702708554,Gas,yes,35800.0
BMW,C-Class,2006,sedan,74122.0,1.9498683811739492,Diesel,yes,28100.0
Mitsubishi,Golf,2010,vagon,36833.0,0.8,Diesel,yes,27100.0
Mitsubishi,Camry,2019,hatch,186513.0,2.624274249293157,Diesel,yes,17500.0
Toyota,Golf,2015,hatch,6708.0,0.8,Petrol,yes,27100.0
Volkswagen,C-Class,2003,other,1000.0,1.0327724824086517,Gas,yes,21100.0
BMW,Camry,2005,vagon,73518.0,,Gas,yes,29300.0
Mercedes-Benz,Golf,2021,other,82293.0,2.098274750832158,Petrol,yes,30300.0
Audi,A4,2002,crossover,6403.0,1.1930687990665372,Diesel,no,33200.0
Renault,Clio,2008,van,15433.0,1.7781471547472156,Petrol,no,28300.0
Audi,Camry,2009,van,1000.0,2.572129920608548,Diesel,no,44200.0
Audi,Outlander,2013,van,17358.0,2.681743107846415,Gas,yes,43100.0
Mercedes-Benz,Outlander,2010,vagon,74171.0,3.0011651374514114,Other,yes,39000.0
Audi,X3,2017,van,36486.0,3.5275349218347953,Diesel,yes,49800.0
BMW,Camry,2021,crossover,21392.0,2.6479114573288935,Gas,yes,45200.0
BMW,Clio,2011,other,23240.0,1.8266107884766076,Gas,yes,28000.0
Mitsubishi,C-Class,2022,vagon,1000.0,2.687451032898378,Other,yes,37500.0
Toyota,A4,2011,other,17819.0,2.373372987204146,Gas,no,26700.0
Volkswagen,X3,2012,vagon,51987.0,2.4050935820210038,Gas,no,25600.0
Renault,Outlander,2012,other,182858.0,2.1417750280573484,Diesel,yes,9300.0
Audi,C-Class,2018,hatch,93885.0,1.270356718276875,Diesel,yes,29800.0
Audi,C-Class,2018,other,1193.0,1.177522873742456,Other,yes,32300.0
Mercedes-Benz,A4,2022,van,114414.0,1.922305439139886,Other,yes,42400.0
Toyota,Camry,2013,hatch,76438.0,2.1191280606770975,Gas,yes,25400.0
BMW,Outlander,2003,other,75791.0,1.4564472616546296,Diesel,yes,19100.0
Renault,Clio,2012,vagon,30624.0,2.3386735588868603,Other,yes,27700.0
Mitsubishi,C-Class,2007,vagon,25375.0,3.6646127232313512,Other,yes,33600.0
BMW,A4,2022,vagon,18042.0,0.8,Petrol,yes,37600.0
Toyota,Clio,2020,sedan,3397.0,2.4657955820510087,Other,yes,38900.0
Volkswagen,Camry,2022,crossover,12953.0,1.9472203032873519,Gas,yes,38100.0
Mitsubishi,Outlander,2018,vagon,14158.0,2.360524444267724,Diesel,no,31300.0
Volkswagen,Camry,2011,hatch,33089.0,1.655428239631767,Other,yes,25100.0
Mercedes-Benz,C-Class,2017,vagon,68806.0,1.8831520919622664,Petrol,yes,35600.0
Mercedes-Benz,Clio,2005,sedan,32104.0,2.103600360806479,Diesel,yes,32800.0
Audi,Clio,2017,van,2979.0,1.7586928931717916,Other,yes,44200.0
Volkswagen,Clio,2018,hatch,158254.0,0.8,Petrol,no,7900.0
Toyota,C-Class,2021,sedan,142993.0,,Other,yes,21300.0
Renault,C-Class,2004,van,76899.0,0.8668530974430448,Diesel,yes,25500.0
Mitsubishi,Camry,2023,hatch,237382.0,2.5225544884642477,Diesel,yes,15500.0
BMW,X3,2008,other,39316.0,,Diesel,no,21900.0
Toyota,Camry,2002,crossover,164529.0,2.822923503564712,Gas,yes,20200.0
Toyota,Outlander,2009,crossover,,2.3436504001627836,Other,yes,34100.0
Mercedes-Benz,A4,2018,sedan,22760.0,2.3467108925871156,Gas,yes,39200.0
Volkswagen,Clio,2002,van,12769.0,0.8,Diesel,yes,27200.0
Audi,X3,2021,crossover,10897.0,1.737120449526755,Petrol,yes,44100.0
Audi,A4,2014,van,7587.0,2.922850742927888,Other,yes,48500.0
Mitsubishi,X3,2000,van,48697.0,1.5851136167757642,Gas,yes,20300.0
Mercedes-Benz,Golf,2006,sedan,76007.0,1.1375502800290285,Other,no,19700.0
Toyota,Camry,2011,sedan,43172.0,1.4906639239954302,Petrol,yes,29300.0
Renault,C-Class,2016,sedan,7947.0,,Gas,yes,32100.0
Mercedes-Benz,Clio,2020,crossover,83333.0,1.3189036397497511,Diesel,yes,36200.0
Mitsubishi,Camry,2023,sedan,50523.0,2.987053785671435,Gas,yes,33800.0
Mitsubishi,A4,2019,crossover,24564.0,1.9482659760076861,Other,yes,34600.0
Mercedes-Benz,Golf,2004,sedan,56062.0,1.5555445216416575,Other,yes,26500.0
Mitsubishi,Golf,2003,vagon,15048.0,0.9589251785315365,Other,yes,19700.0
Mercedes-Benz,Golf,2011,van,21170.0,2.3875572842231505,Other,yes,47200.0
BMW,A4,2019,sedan,124739.0,2.3693330357690905,Diesel,yes,32500.0
Mercedes-Benz,A4,2023,hatch,17160.0,1.3662328750522463,Gas,yes,38300.0
Volkswagen,A4,2017,van,31742.0,0.8,Diesel,yes,33900.0
Mercedes-Benz,A4,2016,van,110427.0,2.328609751660707,Diesel,yes,39500.0
Mitsubishi,Golf,2018,sedan,61502.0,1.8505572869911981,Diesel,yes,24000.0
Volkswagen,Golf,2008,other,3211.0,2.268856934340535,Other,no,23900.0
Mitsubishi,X3,2003,sedan,7967.0,3.5657396269117108,Other,no,30300.0
Audi,Camry,2020,van,1000.0,1.9785345250327522,Other,yes,44800.0
Audi,Clio,2001,hatch,49837.0,1.5889291065257825,Gas,yes,18500.0
Volkswagen,C-Class,2003,van,29680.0,1.0821424258813277,Petrol,yes,28000.0
BMW,Golf,2001,hatch,7209.0,1.7500625668039607,Other,no,27400.0
Audi,C-Class,2014,crossover,158425.0,2.1284618796925128,Gas,yes,24400.0
Mercedes-Benz,Camry,2001,vagon,37714.0,2.0426459364790084,Other,yes,31700.0
Mitsubishi,Camry,2003,van,13846.0,3.3787722720536824,Other,yes,33700.0
Audi,C-Class,2005,sedan,34717.0,2.399268452372754,Diesel,no,30400.0
Audi,Golf,2006,crossover,56912.0,1.892159302794232,Diesel,yes,36000.0
BMW,C-Class,2009,vagon,3965.0,1.4347515369332218,Diesel,yes,43700.0
Volkswagen,X3,2018,sedan,16058.0,2.2133382110266564,Gas,yes,29600.0
Volkswagen,Outlander,2018,other,82244.0,1.2743934732938724,Petrol,yes,23500.0
Toyota,Golf,2021,sedan,30778.0,2.1438648636303252,Petrol,yes,35600.0
BMW,Golf,2011,hatch,39546.0,2.3899311415238746,Gas,yes,34100.0
Mercedes-Benz,Clio,2002,hatch,28353.0,1.826838221782842,Other,yes,29500.0
Volkswagen,A4,2012,other,2244.0,1.4957708447478866,Gas,yes,25800.0
Mitsubishi,Outlander,2017,crossover,9061.0,0.8,Other,yes,32800.0
BMW,Camry,2007,vagon,29488.0,2.9150693811363126,Gas,yes,35900.0
Audi,Golf,2020,sedan,11734.0,2.322640312196225,Gas,yes,37700.0
Mitsubishi,C-Class,2014,hatch,2563.0,2.342093825267826,Gas,yes,31200.0
Mitsubishi,Outlander,2000,crossover,92782.0,0.8,Petrol,yes,13200.0
Audi,Clio,2002,other,198675.0,3.1038709597920455,Diesel,yes,13700.0
BMW,Camry,2007,van,78786.0,1.6278265067055357,Gas,yes,32800.0
Audi,A4,2003,hatch,96133.0,1.7689637578404112,Petrol,yes,14800.0
Toyota,A4,2015,other,13852.0,1.1445705156649397,Diesel,no,26000.0
Mitsubishi,Clio,2022,sedan,161733.0,0.8,Diesel,yes,18400.0
Renault,Clio,2009,vagon,10965.0,2.9258770493788537,Gas,yes,28900.0
Renault,C-Class,2011,hatch,151237.0,3.0292778955180997,Other,yes,9400.0
Mercedes-Benz,Golf,2013,hatch,263140.0,1.867577478917338,Other,yes,12900.0
Volkswagen,A4,2013,sedan,62191.0,1.4564923441549198,Other,no,22500.0
Audi,Camry,2001,van,198545.0,1.6983646646925934,Gas,no,14900.0
Audi,Outlander,2022,crossover,42145.0,1.7203080079715602,Other,yes,39500.0
Mercedes-Benz,Camry,2004,vagon,15024.0,1.0401122222563213,Petrol,yes,34700.0
Mercedes-Benz,X3,2004,hatch,28723.0,1.7661958276449279,Petrol,yes,33000.0
Mercedes-Benz,X3,2005,vagon,45016.0,2.12248159434746,Petrol,yes,32900.0
Mitsubishi,Clio,2012,hatch,3794.0,2.8145257981190017,Petrol,yes,34200.0
Toyota,C-Class,2008,vagon,48688.0,2.0113953312109696,Diesel,yes,31400.0
Audi,X3,2021,other,198636.0,0.8,Petrol,yes,11300.0
Mitsubishi,A4,2014,hatch,10542.0,2.2828382905589413,Other,yes,33600.0
Mercedes-Benz,Camry,2013,vagon,78654.0,1.7952555506641974,Gas,no,31900.0
Audi,Camry,2023,crossover,119243.0,3.096327755187093,Other,yes,38700.0
Mitsubishi,Clio,2006,other,143854.0,3.143566241635206,Petrol,no,10700.0
Toyota,Golf,2019,other,161113.0,3.17156344981384,Diesel,yes,20900.0
Mitsubishi,Golf,2001,crossover,36850.0,1.5507296517013764,Petrol,yes,23600.0
Toyota,Outlander,2006,vagon,189286.0,3.591884058670046,Gas,yes,20500.0
Mercedes-Benz,Clio,2005,sedan,70798.0,2.2807540039165657,Other,yes,28600.0
Toyota,Outlander,2016,crossover,8817.0,3.301104324534906,Gas,yes,41400.0
Audi,Golf,2001,vagon,32399.0,1.5979043089345923,Gas,yes,30700.0
Mercedes-Benz,Clio,2002,crossover,63351.0,1.7611226099122987,Gas,no,28900.0
Audi,Clio,2004,crossover,14207.0,2.2192218821376684,Other,yes,36800.0
Renault,Clio,2004,hatch,51168.0,2.1215020876911517,Petrol,yes,20500.0
BMW,Golf,2000,vagon,54920.0,3.0038495547753357,Gas,no,28500.0
Toyota,Outlander,2007,sedan,8878.0,1.8142965451612365,Other,yes,29700.0
BMW,Outlander,2011,hatch,41630.0,2.931691992248285,Diesel,yes,37100.0
BMW,Clio,2023,crossover,73838.0,2.585787605706123,Other,yes,41400.0
Toyota,X3,2003,van,34547.0,1.8292862251142812,Diesel,no,32500.0
Mercedes-Benz,C-Class,2012,crossover,1000.0,2.5237412939858506,Other,no,42500.0
Renault,Golf,2022,crossover,1000.0,,Petrol,no,32400.0
Audi,C-Class,2014,vagon,22082.0,3.880164640004577,Gas,yes,39100.0
Mitsubishi,C-Class,2010,vagon,130315.0,0.8,Petrol,no,11500.0
Audi,Outlander,2009,hatch,12982.0,2.5383545635960316,Other,yes,30900.0
Mitsubishi,Outlander,2002,sedan,50305.0,0.8,Gas,yes,15100.0
Audi,X3,2021,hatch,12556.0,1.819474637425545,Diesel,yes,40200.0
Toyota,C-Class,2013,other,19406.0,,Other,yes,24000.0
Renault,C-Class,2015,crossover,94207.0,3.2061068471309473,Gas,no,20700.0
Mitsubishi,Clio,2009,van,65256.0,1.4462782303384878,Diesel,no,24300.0
Volkswagen,Outlander,2009,crossover,5013.0,3.0464095325294225,Diesel,yes,39700.0
Mercedes-Benz,C-Class,2011,crossover,27992.0,1.0569466878201625,Petrol,yes,39000.0
Audi,Camry,2008,hatch,1480.0,3.077335779003893,Other,yes,33300.0
Audi,X3,2000,van,32781.0,1.6205236464772217,Diesel,no,35200.0
Mitsubishi,Camry,2004,van,54299.0,2.058747615392895,Gas,yes,23900.0
Mercedes-Benz,Camry,2019,van,6306.0,1.7308970695116768,Diesel,yes,52100.0
Mercedes-Benz,Golf,2007,hatch,17046.0,3.0258907792924834,Diesel,yes,37100.0
Toyota,Golf,2010,crossover,25361.0,2.870191874586998,Petrol,yes,34700.0
Volkswagen,X3,2011,hatch,125994.0,2.35480137646762,Petrol,yes,17000.0
Toyota,Camry,2000,vagon,249947.0,1.0785052923305807,Gas,no,3000.0
Toyota,C-Class,2021,vagon,2297.0,1.4279825055758057,Petrol,yes,38700.0
Toyota,Outlander,2019,hatch,71566.0,1.1771387795950996,Diesel,yes,29400.0
Toyota,X3,2010,van,23238.0,0.8,Diesel,yes,35100.0
Toyota,Clio,2004,crossover,24916.0,3.009054481480037,Petrol,yes,30700.0
Renault,Camry,2014,hatch,70175.0,1.7377411789258426,Diesel,no,24900.0
Mercedes-Benz,X3,2004,hatch,125312.0,1.729204828566162,Diesel,yes,22400.0
Toyota,A4,2011,hatch,150723.0,3.196881786740448,Gas,yes,19600.0
Mercedes-Benz,A4,2004,other,43033.0,1.6192091180909058,Petrol,yes,24200.0
Mercedes-Benz,Golf,2016,vagon,22089.0,1.3276232514512554,Diesel,yes,44100.0
BMW,Outlander,2016,van,77452.0,1.8202035035880124,Petrol,yes,36700.0
Renault,C-Class,2023,sedan,14450.0,1.093864758498483,Gas,yes,30600.0
Toyota,Outlander,2011,van,41514.0,2.275484615430365,Petrol,yes,31400.0
Audi,Outlander,2023,sedan,22203.0,1.7010703373886638,Diesel,yes,42200.0
Mitsubishi,Outlander,2014,other,53447.0,1.59418287152495,Petrol,yes,19500.0
Volkswagen,Outlander,2014,hatch,13748.0,1.5248774623837582,Diesel,yes,31000.0
Audi,Clio,2005,other,10634.0,1.9150228049263909,Diesel,yes,31900.0
Renault,Clio,2011,other,125197.0,2.0667849004158807,Diesel,yes,16800.0
Mitsubishi,Golf,2019,crossover,5368.0,1.5840199292739825,Gas,no,35000.0
Renault,X3,2017,vagon,35256.0,1.7129872511238826,Petrol,no,28900.0
Mercedes-Benz,A4,2013,sedan,12477.0,1.934781738544521,Gas,yes,36500.0
Mitsubishi,Outlander,2001,hatch,,1.854065491568369,Petrol,yes,23900.0
Mercedes-Benz,Golf,2008,sedan,1834.0,2.024860773500011,Gas,yes,32900.0
Audi,X3,2004,van,9632.0,1.4586633574015888,Other,yes,34800.0
Audi,A4,2019,sedan,100784.0,2.8036743273011924,Diesel,no,35100.0
Mitsubishi,Camry,2000,van,16597.0,2.0774625419276136,Diesel,yes,29300.0
Mitsubishi,C-Class,2022,vagon,150247.0,1.5969225977400983,Gas,yes,16200.0
Toyota,Clio,2002,van,43568.0,2.275507373902828,Other,no,32300.0
Renault,Camry,2005,sedan,28689.0,1.9405051209450284,Diesel,no,23600.0
Toyota,A4,2004,sedan,43385.0,0.8,Petrol,yes,23100.0
Renault,Camry,2020,van,36355.0,2.272762152177301,Gas,yes,31700.0
Toyota,C-Class,2004,other,71101.0,1.1843950380926502,Diesel,yes,18600.0
Mercedes-Benz,Golf,2000,vagon,16598.0,2.747542226585046,Diesel,yes,39100.0
Mitsubishi,A4,2016,crossover,21774.0,1.8066002888852424,Gas,no,28400.0
Audi,Camry,2018,hatch,112260.0,2.624056237912851,Gas,no,24600.0
Renault,Clio,2013,sedan,146363.0,1.4958251574419141,Petrol,yes,10400.0
Renault,Clio,2011,hatch,111540.0,2.055943413712512,Petrol,yes,15300.0
Audi,X3,2009,crossover,27188.0,2.968194800405501,Diesel,no,41600.0
Toyota,Camry,2019,hatch,75789.0,1.784786762868142,Diesel,yes,27300.0
Renault,Outlander,2020,crossover,32345.0,1.527346321011356,Gas,yes,34200.0
Volkswagen,Camry,2017,van,34411.0,2.5240324910254315,Diesel,yes,37200.0
Mercedes-Benz,Golf,2023,other,11450.0,2.5085292774007684,Diesel,yes,41800.0
Mitsubishi,A4,2010,sedan,44717.0,1.561000693268145,Gas,yes,21400.0
Audi,A4,2001,crossover,10298.0,0.8,Diesel,yes,32500.0
Mitsubishi,Golf,2017,hatch,20140.0,1.5119816180013153,Diesel,yes,32600.0
Volkswagen,Camry,2006,sedan,96561.0,2.5418876173491376,Other,yes,18500.0
Renault,Golf,2023,other,11601.0,1.3799726484610209,Petrol,yes,27600.0
Renault,C-Class,2014,van,3690.0,1.9912497303870436,Gas,yes,34400.0
Volkswagen,Golf,2010,sedan,3575.0,1.474012049626925,Other,yes,28800.0
Audi,Clio,2017,crossover,141328.0,0.8,Petrol,no,24100.0
Mercedes-Benz,Golf,2022,other,35354.0,1.4596150583680578,Petrol,yes,32300.0
BMW,A4,2011,hatch,26331.0,2.53850561655177,Petrol,yes,33900.0
Audi,Clio,2005,other,83268.0,0.8,Other,yes,18300.0
BMW,A4,2019,other,90341.0,2.2017338803804605,Other,no,22600.0
Volkswagen,X3,2022,vagon,20187.0,1.0511446148804695,Petrol,yes,32500.0
Toyota,Outlander,2012,other,59146.0,2.4867536555793537,Diesel,yes,23500.0
BMW,A4,2019,other,73728.0,2.5714551486989228,Diesel,yes,34100.0
Mercedes-Benz,Clio,2015,sedan,53159.0,1.8624416520709792,Other,yes,37200.0
Toyota,X3,2017,hatch,,1.8642654729750223,Other,yes,32000.0
BMW,A4,2009,sedan,104326.0,1.354909842290959,Other,yes,21600.0
Volkswagen,C-Class,2022,sedan,38728.0,0.9235332799160272,Petrol,yes,27900.0
Toyota,Golf,2007,crossover,16597.0,3.358474325066987,Diesel,yes,38700.0
Volkswagen,Outlander,2017,sedan,27689.0,1.3079428582630976,Other,yes,28600.0
BMW,A4,2020,vagon,1914.0,,Other,yes,49300.0
Volkswagen,X3,2000,vagon,6840.0,1.3123999681598586,Gas,yes,22700.0
Mercedes-Benz,C-Class,2022,crossover,72524.0,2.420152312270183,Petrol,yes,44500.0
BMW,Camry,2007,van,1000.0,1.089754272277092,Gas,yes,38300.0
BMW,X3,2005,hatch,26941.0,2.418716013521612,Diesel,yes,31200.0
BMW,Golf,2004,hatch,36960.0,1.7395301142775024,Gas,yes,25500.0
Audi,X3,2014,sedan,2809.0,,Gas,no,34100.0
Audi,C-Class,2021,sedan,180740.0,2.4880185358275604,Gas,no,23200.0
Audi,X3,2014,van,12817.0,1.6246869079367214,Petrol,yes,41300.0
Mercedes-Benz,C-Class,2001,sedan,18134.0,0.8574812036439219,Diesel,yes,28400.0
Toyota,A4,2000,hatch,18116.0,2.609044450727562,Gas,yes,26600.0
Volkswagen,C-Class,2022,other,13095.0,1.0832795280141374,Petrol,no,25500.0
Renault,C-Class,2022,vagon,1000.0,2.413213827518328,Diesel,yes,39200.0
BMW,Outlander,2010,other,65345.0,2.7783972362664002,Other,yes,27500.0
Volkswagen,C-Class,2009,other,170328.0,1.699604890918226,Gas,yes,7600.0
BMW,C-Class,2017,hatch,12699.0,2.9458822752734273,Diesel,yes,40700.0
Mercedes-Benz,Camry,2017,other,54390.0,2.3854269662890273,Gas,no,30900.0
BMW,A4,2016,van,67719.0,1.4433108638841796,Other,yes,31100.0
Audi,Golf,2007,crossover,94333.0,3.1211432018128598,Diesel,yes,36700.0
Renault,Outlander,2014,sedan,27463.0,1.0866625426084875,Petrol,no,20700.0
Mitsubishi,Camry,2007,crossover,18043.0,1.6986396560771477,Diesel,yes,31400.0
BMW,Clio,2016,vagon,19673.0,1.834948157104537,Petrol,yes,40600.0
Volkswagen,A4,2011,sedan,62347.0,2.4841789608146043,Diesel,yes,31300.0
Audi,A4,2007,other,84853.0,2.8923466379049074,Petrol,no,22100.0
Mitsubishi,Clio,2013,vagon,10021.0,2.842233245522171,Other,yes,32000.0
Renault,Golf,2003,sedan,23176.0,2.178998655659445,Other,yes,19000.0
Mitsubishi,C-Class,2000,van,116108.0,1.7757847164291465,Other,yes,16000.0
Audi,Camry,2000,van,82173.0,0.8,Diesel,yes,23500.0
Toyota,X3,2018,van,209515.0,0.9486833164358268,Other,yes,16500.0
Toyota,Outlander,2015,van,70171.0,3.4133243914331484,Gas,yes,36500.0
Mitsubishi,X3,2013,other,24977.0,0.8,Other,yes,19700.0
Mercedes-Benz,Clio,2020,crossover,44657.0,1.3724074854063124,Petrol,no,40300.0
Volkswagen,A4,2015,sedan,54089.0,2.9156850256400717,Petrol,yes,30400.0
Volkswagen,Golf,2004,other,4085.0,2.1677706393578937,Petrol,yes,23800.0
Mitsubishi,A4,2008,van,39317.0,2.7424360568045536,Diesel,yes,28900.0
BMW,Outlander,2001,crossover,61776.0,2.4342626810165413,Gas,yes,28800.0
BMW,A4,2017,vagon,9155.0,3.175666029888709,Other,no,44300.0
Volkswagen,A4,2005,vagon,75850.0,2.236341829251908,Gas,yes,24000.0
Volkswagen,Outlander,2008,vagon,43826.0,2.530758183321209,Gas,yes,24300.0
Toyota,Camry,2000,van,152059.0,1.4206027743533276,Petrol,yes,14800.0
Mercedes-Benz,Camry,2008,vagon,2167.0,2.4690663804625093,Petrol,yes,43400.0
Audi,Outlander,2015,hatch,15416.0,1.683099121608617,Petrol,yes,31800.0
BMW,Golf,2012,sedan,46009.0,1.63751530561543,Diesel,yes,34100.0
Volkswagen,Clio,2008,sedan,17588.0,2.71577881171771,Gas,yes,32300.0
Toyota,A4,2020,van,62662.0,,Gas,yes,37500.0
Renault,Golf,2012,hatch,71149.0,3.3507537245969052,Diesel,yes,25400.0
Toyota,A4,2008,other,5407.0,3.298610548388961,Diesel,yes,32600.0
BMW,Clio,2010,other,36062.0,,Diesel,no,34500.0
BMW,Camry,2003,vagon,35554.0,0.8,Gas,yes,28600.0
Toyota,Golf,2001,crossover,23044.0,3.462144786359757,Gas,yes,33000.0
Audi,C-Class,2005,other,135097.0,2.7343741365330896,Petrol,yes,16100.0
Mitsubishi,C-Class,2013,crossover,87869.0,1.3873119279309578,Petrol,yes,24800.0
BMW,C-Class,2003,sedan,59735.0,2.583127324450226,Gas,yes,29600.0
Toyota,Camry,2005,crossover,62645.0,1.1701874072298173,Petrol,no,21000.0
Volkswagen,Camry,2018,sedan,30968.0,2.4949040960877937,Diesel,yes,36800.0
Toyota,Clio,2005,hatch,126911.0,0.9469839671407205,Other,no,9400.0
Mercedes-Benz,A4,2001,hatch,59305.0,1.3534252729706908,Petrol,yes,23600.0
Mitsubishi,Clio,2017,van,65278.0,2.5679433033604213,Gas,yes,30400.0
Renault,Clio,2012,van,98913.0,2.8583093943943148,Petrol,no,23400.0
Audi,Camry,2008,vagon,16015.0,2.2603494875470482,Petrol,yes,33900.0
Renault,C-Class,2022,other,82271.0,1.7710650906496235,Petrol,no,17900.0
Mitsubishi,X3,2018,vagon,10860.0,0.8,Other,yes,30700.0
Mitsubishi,A4,2012,sedan,21182.0,1.8327831202789122,Diesel,no,27200.0
Mitsubishi,Camry,2010,vagon,20444.0,2.4267880614596224,Gas,yes,26800.0
Renault,C-Class,2000,crossover,192044.0,1.7465879152514823,Other,yes,9900.0
Volkswagen,Golf,2023,sedan,97083.0,1.9819376471244654,Gas,yes,24500.0
Mitsubishi,X3,2021,van,60393.0,1.8515060256656635,Gas,yes,34600.0
Toyota,X3,2006,hatch,64924.0,1.7426350257428531,Gas,yes,17300.0
Renault,Camry,2020,van,41285.0,2.06070191196785,Other,yes,34000.0
Mitsubishi,Outlander,2014,other,146958.0,1.7818443342780315,Diesel,yes,14300.0
Toyota,A4,2000,sedan,34284.0,3.154631642905554,Gas,yes,25300.0
Volkswagen,X3,2011,sedan,23943.0,0.8,Diesel,yes,27900.0
Mercedes-Benz,Camry,2006,crossover,8898.0,1.563325931223138,Diesel,yes,41500.0
Volkswagen,Camry,2014,other,77137.0,1.3037950211862197,Petrol,yes,18000.0
Mitsubishi,C-Class,2020,hatch,66296.0,2.175288480027528,Other,yes,24500.0
Renault,Golf,2018,sedan,24254.0,2.061715828706501,Other,yes,26100.0
BMW,Outlander,2000,sedan,1275.0,3.297754481239543,Petrol,yes,36400.0
Mitsubishi,A4,2016,crossover,91316.0,3.560913638638236,Petrol,yes,28800.0
BMW,Clio,2016,vagon,1000.0,1.381533235543615,Diesel,no,40500.0
Toyota,Golf,2002,hatch,60819.0,2.0004000520269036,Gas,no,18700.0
Mercedes-Benz,Golf,2011,van,175758.0,2.1570435335394844,Other,yes,29500.0
Audi,C-Class,2005,other,28782.0,1.3617490013301312,Gas,yes,21300.0
Volkswagen,X3,2010,sedan,13392.0,2.5027056288300984,Gas,yes,32000.0
Mercedes-Benz,X3,2002,sedan,61017.0,1.8083941049880443,Petrol,yes,27000.0
Mitsubishi,C-Class,2007,van,84948.0,1.1458921195192175,Gas,yes,18200.0
BMW,Camry,2013,hatch,39530.0,1.7763453565867655,Diesel,yes,32900.0
Volkswagen,X3,2013,vagon,170615.0,1.201860341807481,Petrol,yes,16000.0
BMW,Outlander,2009,sedan,2652.0,2.8293174635354044,Gas,yes,36400.0
Renault,A4,2001,hatch,35139.0,3.5212474040909365,Petrol,yes,24800.0
BMW,Golf,2013,van,63372.0,2.1958554991156314,Diesel,no,38400.0
Renault,Golf,2008,crossover,99257.0,2.0890214144426205,Diesel,yes,21100.0
Toyota,Outlander,2002,vagon,9877.0,2.121947813499349,Gas,no,24700.0
Volkswagen,X3,2020,other,80472.0,2.945787223150652,Petrol,no,26600.0
Volkswagen,Golf,2007,sedan,40227.0,2.9285592028777465,Gas,yes,27200.0
Audi,Clio,2015,hatch,25254.0,1.9074771451614152,Gas,yes,30000.0
Mitsubishi,A4,2001,crossover,7061.0,2.202071941903273,Petrol,yes,27400.0
Renault,A4,2005,other,100233.0,2.5221171257416626,Gas,no,4900.0
Audi,Golf,2020,hatch,8555.0,1.0898500347594129,Diesel,no,36200.0
BMW,C-Class,2011,hatch,18537.0,2.9700865899363653,Petrol,yes,35800.0
BMW,Golf,2004,other,17127.0,3.387865512981782,Petrol,yes,26800.0
Audi,C-Class,2001,crossover,102557.0,2.932025683871566,Petrol,yes,25100.0
Volkswagen,Golf,2015,van,55844.0,1.0035248707083562,Petrol,yes,29500.0
BMW,Clio,2004,crossover,79649.0,0.8,Gas,yes,23600.0
Toyota,Camry,2014,vagon,14415.0,2.5669749388143455,Gas,no,35300.0
Toyota,A4,2011,sedan,49024.0,1.3918484408303309,Diesel,yes,29100.0
Audi,Golf,2003,other,42401.0,2.2297066832983887,Other,yes,24200.0
Renault,Clio,2014,van,89437.0,3.228118976006039,Other,yes,23500.0
Renault,C-Class,2010,other,118269.0,1.474435858881272,Diesel,yes,12500.0
Audi,C-Class,2015,other,1000.0,1.697956274872832,Other,yes,30600.0
Renault,A4,2022,crossover,56045.0,2.221378378070653,Diesel,yes,32200.0
Volkswagen,Outlander,2005,sedan,2661.0,0.9619922880142155,Gas,no,21300.0
Volkswagen,Golf,2013,vagon,39798.0,1.3937150431952992,Petrol,no,24200.0
Renault,X3,2017,hatch,16958.0,2.0198860030010155,Petrol,yes,28800.0
Toyota,C-Class,2011,hatch,18320.0,1.759636104945799,Gas,no,27000.0
Renault,Camry,2010,other,21767.0,2.486726203039381,Petrol,yes,25600.0
Volkswagen,Camry,2012,sedan,48549.0,4.212783691551413,Petrol,yes,33500.0
Mercedes-Benz,C-Class,2020,van,20327.0,2.0793106715344996,Other,yes,52900.0
Mitsubishi,Outlander,2022,crossover,65969.0,1.3266304431695928,Gas,yes,31500.0
BMW,Outlander,2010,sedan,,3.1345922838060516,Other,no,35100.0
Mercedes-Benz,Clio,2022,sedan,3540.0,0.8,Other,yes,39100.0
Renault,Camry,2015,crossover,76568.0,0.8888734631767141,Petrol,yes,25200.0
Toyota,Clio,2014,other,16826.0,1.5239172490818211,Petrol,yes,29500.0
Audi,Camry,2020,sedan,28349.0,1.7736906235842995,Gas,yes,33200.0
Renault,Golf,2014,hatch,57829.0,1.5047418107862331,Petrol,yes,23400.0
Toyota,Golf,2003,crossover,20207.0,1.9747901404615817,Petrol,yes,30500.0
Mitsubishi,X3,2010,van,2912.0,2.219793522197076,Gas,yes,32100.0
Renault,Golf,2018,vagon,23413.0,2.8551676282201104,Petrol,yes,29800.0
Volkswagen,X3,2014,other,144522.0,2.0729506190750255,Other,no,12100.0
Audi,Golf,2003,crossover,51324.0,1.5504430018439188,Gas,yes,29000.0
Toyota,A4,2020,vagon,55657.0,2.8117163091515294,Petrol,yes,39500.0
Toyota,Golf,2012,vagon,50021.0,1.3458276194158953,Diesel,yes,32400.0
Toyota,Clio,2021,van,11094.0,0.8,Gas,yes,37000.0
Mitsubishi,C-Class,2018,sedan,27092.0,2.9647648143236336,Gas,yes,33500.0
Renault,Clio,2001,van,69503.0,2.913482595848777,Diesel,yes,27400.0
Mitsubishi,C-Class,2013,sedan,5344.0,1.3661612862367152,Petrol,no,26700.0
BMW,Outlander,2003,sedan,16276.0,1.6807209169432595,Petrol,yes,29700.0
BMW,Clio,2015,crossover,16170.0,1.2664579637360562,Gas,no,36400.0
Renault,Outlander,2020,crossover,28283.0,2.2612993740521072,Gas,no,31700.0
Volkswagen,X3,2019,other,196531.0,3.3856394330944655,Petrol,yes,17200.0
Mitsubishi,X3,2013,sedan,,2.5623054388760975,Petrol,yes,31800.0
Audi,A4,2014,vagon,36563.0,2.828579714066426,Other,yes,32800.0
Toyota,Golf,2002,hatch,9883.0,2.6557826653528096,Gas,no,21900.0
Toyota,Clio,2007,other,176468.0,1.9999046811527252,Gas,no,7700.0
Renault,Outlander,2015,crossover,6012.0,2.8666723503290523,Diesel,yes,33200.0
Volkswagen,C-Class,2009,van,25842.0,2.5960244503302397,Other,yes,37000.0
BMW,X3,2003,other,66948.0,3.1515565721225087,Petrol,yes,27500.0
BMW,Golf,2017,other,60963.0,1.6323608470705948,Other,no,26100.0
Toyota,X3,2001,other,27472.0,0.8,Petrol,no,16900.0
Renault,C-Class,2016,other,21272.0,2.836200811898462,Petrol,yes,29400.0
Mitsubishi,Golf,2012,hatch,25342.0,2.2798156164848464,Other,yes,26400.0
BMW,Golf,2003,van,15345.0,1.763163119743011,Gas,yes,34700.0
Mitsubishi,Outlander,2010,van,11491.0,1.807877750154007,Petrol,yes,34700.0
Volkswagen,Outlander,2006,van,32989.0,4.043749060721693,Other,no,37500.0
BMW,Clio,2011,sedan,15635.0,1.486244277972583,Diesel,yes,34000.0
BMW,Clio,2009,vagon,16946.0,1.3173573545389334,Other,yes,31800.0
Mercedes-Benz,Camry,2006,van,53465.0,2.0682273867946814,Diesel,yes,40700.0
BMW,Camry,2012,other,172947.0,2.944392702378369,Petrol,no,15500.0
Audi,A4,2006,other,46271.0,3.8227215892233826,Other,yes,29600.0
Renault,X3,2023,van,4005.0,2.525891970711657,Other,yes,42100.0
Renault,Clio,2016,van,3929.0,0.9836730048164559,Diesel,yes,29600.0
Mitsubishi,Outlander,2009,other,151230.0,3.5766914165742394,Other,no,16000.0
Volkswagen,C-Class,2009,sedan,17640.0,1.9844250407383224,Other,no,25400.0
BMW,Outlander,2023,crossover,4829.0,1.3298324544840243,Petrol,yes,46800.0
Audi,X3,2003,crossover,45695.0,1.1364860343205168,Other,yes,30100.0
Mitsubishi,Camry,2019,van,48861.0,2.669062975468365,Gas,yes,36500.0
Mercedes-Benz,Outlander,2003,hatch,52277.0,2.191063508949131,Diesel,yes,29900.0
Mitsubishi,A4,2021,van,15557.0,2.2760603015566803,Other,yes,39300.0
Mitsubishi,X3,2006,van,1000.0,3.029202495257545,Diesel,no,36000.0
BMW,Camry,2021,crossover,167642.0,1.3582763267922848,Diesel,yes,29400.0
Mercedes-Benz,C-Class,2000,other,14443.0,3.0929237026189185,Diesel,no,26700.0
Mitsubishi,Camry,2011,van,56354.0,1.5846741417650478,Other,yes,25100.0
Audi,Golf,2023,other,61316.0,3.7312058991298853,Other,yes,35900.0
Audi,A4,2012,other,47081.0,2.4789912127945124,Diesel,yes,29200.0
Renault,X3,2009,hatch,18764.0,1.2638091761788983,Gas,yes,19300.0
Mercedes-Benz,C-Class,2014,other,15810.0,0.8,Diesel,yes,35800.0
Mercedes-Benz,A4,2012,crossover,45523.0,2.647139777823209,Gas,yes,42700.0
Renault,Camry,2022,sedan,100531.0,1.7006557792078532,Diesel,yes,24500.0
Mitsubishi,A4,2021,sedan,146622.0,1.8755474443825315,Petrol,yes,21300.0
Mercedes-Benz,X3,2021,vagon,5597.0,2.6129568073392857,Diesel,yes,49000.0
Audi,Clio,2020,van,8410.0,2.8083310610005245,Diesel,no,49100.0
Audi,A4,2021,crossover,144781.0,2.9789682725354325,Other,yes,34300.0
BMW,Golf,2008,other,66691.0,1.0601269532936506,Gas,no,17900.0
Mercedes-Benz,A4,2008,sedan,107276.0,3.140715799699671,Petrol,yes,28800.0
Mitsubishi,Camry,2014,crossover,11321.0,1.5367637310654805,Gas,yes,33700.0
Renault,Camry,2009,sedan,44286.0,0.8,Petrol,yes,20700.0
Renault,C-Class,2023,other,60388.0,1.0572477225119634,Diesel,no,18100.0
Mitsubishi,Camry,2009,sedan,56989.0,2.174420073706052,Other,yes,22000.0
Volkswagen,Outlander,2007,van,26225.0,1.2169486031350885,Other,yes,27900.0
Toyota,X3,2023,van,1000.0,1.929564424659165,Gas,yes,42300.0
BMW,X3,2015,vagon,43724.0,2.2706019900233425,Other,yes,39600.0
Renault,Clio,2016,vagon,14591.0,1.8548916775125712,Gas,yes,29600.0
Mercedes-Benz,Clio,2004,sedan,29914.0,1.6045165297146264,Gas,yes,27500.0
BMW,X3,2003,crossover,158007.0,0.9994431496094189,Petrol,yes,18700.0
Mercedes-Benz,Golf,2017,van,25460.0,2.017555046572266,Gas,no,45200.0
Volkswagen,Clio,2023,crossover,91567.0,0.8,Petrol,yes,27900.0
Audi,C-Class,2018,crossover,10446.0,1.4512015666244629,Other,yes,39500.0
BMW,Camry,2003,sedan,55807.0,1.2577727127513911,Gas,yes,25400.0
Renault,X3,2006,crossover,188628.0,1.8084985187928682,Gas,yes,11800.0
BMW,Clio,2009,van,5373.0,1.8293361605525846,Diesel,yes,45600.0
BMW,X3,2017,other,1000.0,2.767965339546996,Gas,yes,39500.0
BMW,Outlander,2018,vagon,28421.0,3.26678182179968,Gas,no,40200.0
Toyota,A4,2003,other,4859.0,1.1057769278104237,Diesel,no,21900.0
BMW,Camry,2009,crossover,68992.0,3.594266100216024,Diesel,no,39100.0
Mercedes-Benz,X3,2000,other,122990.0,1.3765635203828546,Other,yes,14000.0
Audi,A4,2022,van,28459.0,2.138021426338472,Gas,yes,45700.0
Volkswagen,Clio,2017,van,14968.0,2.4086903913186544,Other,yes,37300.0
Mitsubishi,A4,2004,crossover,28493.0,3.9556662020660047,Other,yes,33600.0
BMW,Camry,2014,sedan,64267.0,1.5661741297898686,Diesel,yes,30000.0
Renault,X3,2016,other,1000.0,0.8,Petrol,yes,21600.0
BMW,Outlander,2002,sedan,44513.0,3.1923035761543854,Other,yes,35900.0
Renault,Golf,2011,sedan,47504.0,1.333301152963652,Petrol,yes,20700.0
Mercedes-Benz,Clio,2001,hatch,50762.0,1.7107291355395258,Gas,yes,26000.0
Renault,X3,2000,crossover,13855.0,1.1058002768590596,Diesel,yes,27300.0
Mitsubishi,Camry,2022,vagon,62597.0,1.7130369815608648,Gas,yes,24400.0
Audi,Clio,2020,van,4792.0,1.3276867710356473,Gas,yes,46000.0
Renault,C-Class,2016,van,11111.0,2.5411534531958173,Diesel,yes,39300.0
Renault,A4,2021,crossover,104969.0,2.0646333037775833,Gas,yes,28500.0
Audi,Golf,2015,vagon,67108.0,1.4551558715082569,Diesel,no,29500.0
Mitsubishi,Camry,2004,van,1000.0,2.796697581327142,Petrol,yes,36600.0
BMW,C-Class,2014,crossover,14275.0,2.203997400539679,Gas,yes,40500.0
Renault,X3,2002,van,12065.0,0.8,Diesel,yes,27800.0
Audi,Outlander,2006,sedan,15790.0,2.7357626512674416,Other,yes,33600.0
Mercedes-Benz,Clio,2010,other,14221.0,2.1478943070821077,Gas,no,31000.0
Audi,A4,2009,other,3228.0,3.112585990073234,Petrol,yes,33600.0
Mercedes-Benz,Clio,2008,van,30711.0,2.0991339410741157,Diesel,yes,40700.0
Mitsubishi,Golf,2013,hatch,65975.0,1.3666325195459241,Gas,no,11600.0
BMW,X3,2012,vagon,46663.0,1.8365637333585305,Gas,yes,34700.0
Audi,Clio,2001,vagon,55870.0,2.643135464704576,Gas,yes,28100.0
Volkswagen,A4,2002,vagon,4231.0,1.38341035223931,Petrol,yes,27300.0
Volkswagen,X3,2006,sedan,151299.0,1.6477625703139531,Diesel,yes,14300.0
Toyota,Clio,2020,vagon,91159.0,1.8226491360007462,Other,yes,33300.0
Renault,Outlander,2017,other,81760.0,1.0805027118273016,Other,yes,17500.0
Mitsubishi,Camry,2002,sedan,86575.0,1.3949412602971405,Other,no,11600.0
Audi,X3,2009,crossover,134937.0,2.1380401534433524,Diesel,yes,29100.0
Volkswagen,Camry,2021,vagon,,2.9619821981224064,Other,yes,35900.0
Renault,X3,2006,vagon,11174.0,2.25371758776838,Petrol,yes,27300.0
Volkswagen,Outlander,2008,crossover,47957.0,1.9633109925047827,Diesel,no,26300.0
Audi,Camry,2016,vagon,67910.0,1.3349833808381513,Gas,no,28900.0
Mercedes-Benz,C-Class,2010,crossover,66954.0,2.8761283293761855,Petrol,yes,38600.0
Audi,A4,2006,sedan,36849.0,2.346804399957474,Gas,yes,27600.0
Toyota,C-Class,2023,other,3545.0,1.4346161891846083,Other,yes,36500.0
Audi,Clio,2013,crossover,23190.0,2.7189187669479207,Petrol,yes,39200.0
Audi,Outlander,2018,hatch,126767.0,2.447661649208374,Diesel,yes,27900.0
Toyota,C-Class,2003,crossover,43907.0,1.3491757205070112,Petrol,yes,25000.0
Mitsubishi,X3,2005,vagon,38645.0,1.9188973949886399,Gas,yes,24100.0
Audi,Clio,2009,sedan,15657.0,1.6057818174056504,Diesel,no,29700.0
Toyota,Clio,2006,van,22978.0,4.106830352025284,Petrol,yes,42100.0
Renault,C-Class,2012,sedan,112854.0,2.425395906500527,Petrol,no,21100.0
Mercedes-Benz,C-Class,2013,van,54900.0,2.149409643878592,Petrol,yes,40900.0
Mercedes-Benz,Outlander,2003,crossover,77414.0,2.3781304448613705,Petrol,yes,35900.0
Audi,A4,2007,other,30288.0,3.1033300705579983,Diesel,yes,31000.0
Mitsubishi,C-Class,2004,hatch,49746.0,1.9332958844492276,Gas,yes,21700.0
Mitsubishi,Golf,2000,sedan,14276.0,1.528072561707395,Petrol,yes,26000.0
Renault,C-Class,2003,vagon,61117.0,2.675426582477934,Diesel,yes,23400.0
Audi,Camry,2002,van,27895.0,1.8600443471989503,Gas,yes,31000.0
Mercedes-Benz,X3,2008,vagon,29218.0,1.1440837367355972,Petrol,yes,36500.0
Mitsubishi,Golf,2007,other,52394.0,0.9882508545951532,Gas,yes,15900.0
Audi,Golf,2000,van,137663.0,3.2234372406716267,Gas,yes,27200.0
Volkswagen,Camry,2005,sedan,3307.0,2.1053156535354276,Diesel,yes,29800.0
Mitsubishi,Camry,2008,crossover,87075.0,1.528346092806079,Gas,yes,18900.0
Toyota,Clio,2006,vagon,17292.0,1.812532071166349,Diesel,no,32500.0
Volkswagen,A4,2003,other,29342.0,2.6459557744066813,Petrol,yes,23500.0
Mitsubishi,X3,2012,sedan,1107.0,1.765275587326364,Gas,yes,25800.0
Mercedes-Benz,Outlander,2016,sedan,17908.0,0.8404642166580654,Gas,yes,36600.0
BMW,Golf,2001,sedan,34921.0,2.26067268171834,Other,yes,30300.0
Volkswagen,Outlander,2004,sedan,2890.0,2.9666782540588503,Petrol,no,28000.0
Renault,C-Class,2011,van,33774.0,2.9131714543778005,Petrol,yes,35600.0
Renault,C-Class,2020,sedan,130940.0,1.5525360494902039,Other,yes,16800.0
Mercedes-Benz,Outlander,2007,vagon,5568.0,3.0153381251667035,Other,yes,41200.0
Mitsubishi,C-Class,2005,other,72289.0,2.1703599789372983,Diesel,yes,20500.0
Audi,A4,2007,van,26353.0,2.9929178751029815,Diesel,no,41200.0
Mitsubishi,Camry,2017,sedan,53235.0,2.458949624002043,Gas,yes,25300.0
Mercedes-Benz,C-Class,2002,hatch,15071.0,0.8,Gas,yes,26200.0
Renault,Clio,2021,hatch,8687.0,3.397391150006677,Gas,yes,33500.0
Mitsubishi,C-Class,2011,other,8745.0,2.0414270809591626,Gas,yes,26700.0
Renault,X3,2002,crossover,3654.0,2.4614350591310536,Diesel,yes,30300.0
Volkswagen,A4,2021,crossover,10268.0,0.9247642972225247,Petrol,yes,36000.0
Audi,X3,2005,van,54564.0,2.404261200062452,Gas,yes,32400.0
Volkswagen,X3,2001,van,106722.0,2.882342186194128,Petrol,no,21400.0
Renault,Clio,2022,van,84134.0,3.548256269278723,Gas,yes,35700.0
Renault,A4,2011,crossover,57780.0,3.1203198358362263,Other,yes,27000.0
BMW,A4,2001,hatch,5850.0,2.4433797631568317,Gas,yes,29800.0
BMW,A4,2005,crossover,17067.0,0.8,Gas,no,29100.0
Volkswagen,A4,2016,vagon,18539.0,2.105818232397937,Gas,yes,30900.0
Toyota,A4,2002,sedan,14381.0,1.5259923478296558,Diesel,yes,27500.0
Volkswagen,Clio,2001,van,36180.0,2.1879822998529974,Other,yes,28700.0
BMW,C-Class,2022,hatch,38345.0,1.0269393337639208,Gas,yes,36800.0
Renault,X3,2019,other,22071.0,1.8318664737664787,Gas,yes,24900.0
Mercedes-Benz,A4,2007,other,21831.0,1.5862535329551453,Petrol,yes,28400.0
Volkswagen,Golf,2021,sedan,88174.0,1.561466915224603,Other,yes,23400.0
Renault,C-Class,2011,hatch,77864.0,1.5694110512070765,Gas,yes,18100.0
Mercedes-Benz,C-Class,2003,crossover,18393.0,1.8913162268894044,Petrol,yes,38700.0
Mercedes-Benz,X3,2004,crossover,122547.0,2.2289558072384175,Petrol,no,30000.0
BMW,Clio,2012,vagon,152683.0,0.8,Diesel,no,23800.0
Volkswagen,Outlander,2014,vagon,19781.0,0.8,Petrol,yes,29900.0
Mitsubishi,Outlander,2022,crossover,21880.0,1.7290469280624998,Gas,yes,33900.0
Audi,C-Class,2015,other,35223.0,1.8417847642355085,Diesel,yes,31900.0
BMW,Camry,2009,van,141613.0,2.1512889732831524,Diesel,yes,31800.0
BMW,Camry,2022,other,104502.0,1.4178621161150207,Gas,no,24900.0
Mitsubishi,X3,2015,vagon,5410.0,2.007572155218145,Other,yes,34300.0
Audi,Outlander,2011,sedan,24939.0,2.101218564014444,Petrol,yes,33200.0
Renault,C-Class,2016,crossover,40301.0,1.412353522507623,Diesel,yes,27300.0
Toyota,Clio,2015,vagon,34971.0,2.810764657392881,Other,yes,38100.0
Volkswagen,Outlander,2011,vagon,10775.0,2.1415890491640486,Gas,yes,32800.0
Toyota,C-Class,2007,van,97884.0,,Petrol,yes,27700.0
Renault,C-Class,2019,crossover,56495.0,2.055076585027082,Petrol,yes,31100.0
BMW,A4,2002,van,90979.0,3.6829384824493765,Diesel,yes,38300.0
Audi,Clio,2015,crossover,97866.0,2.4771176552941228,Petrol,yes,36800.0
BMW,A4,2012,van,68986.0,1.6096053470342198,Petrol,no,31300.0
Mercedes-Benz,X3,2022,other,28920.0,2.6567735074947203,Petrol,yes,37700.0
BMW,A4,2018,sedan,47150.0,0.8,Petrol,no,33900.0
BMW,Golf,2007,sedan,8739.0,2.0956802101336836,Gas,yes,35000.0
Renault,A4,2021,crossover,55988.0,2.2553282320735923,Other,yes,34700.0
Renault,Golf,2004,hatch,9877.0,2.1048166096629584,Gas,yes,19400.0
Renault,Outlander,2019,vagon,59200.0,1.7329769033288902,Gas,no,26400.0
Toyota,Camry,2007,vagon,13042.0,1.190181314530388,Diesel,no,31200.0
Mercedes-Benz,C-Class,2023,crossover,6252.0,1.3685223903592298,Petrol,yes,44200.0
Renault,Golf,2011,van,9033.0,2.081659932997907,Gas,no,28800.0
Audi,Clio,2000,hatch,1000.0,1.109184614057606,Petrol,no,23300.0
Toyota,A4,2020,other,63423.0,3.4161340925178183,Gas,yes,27300.0
Mitsubishi,Golf,2019,van,65913.0,0.8,Gas,yes,27200.0
Audi,Clio,2005,van,36173.0,1.7412497059643168,Diesel,no,37100.0
Volkswagen,Camry,2021,crossover,8798.0,2.0883117112861576,Other,no,36200.0
Volkswagen,Camry,2017,crossover,4362.0,2.405936742266631,Other,yes,38900.0
Audi,A4,2007,vagon,1000.0,1.2672602181900583,Gas,no,31500.0
Renault,X3,2006,crossover,9060.0,2.90743583511057,Diesel,yes,32800.0
Mitsubishi,A4,2000,crossover,110754.0,0.8849351649496617,Petrol,yes,12000.0
Mitsubishi,Outlander,2020,crossover,13823.0,1.5470971291139457,Petrol,yes,36400.0
Toyota,Golf,2015,vagon,21868.0,2.496598044223539,Gas,yes,32100.0
Mitsubishi,C-Class,2011,other,5565.0,2.832150851834202,Other,yes,28200.0
Volkswagen,X3,2005,other,12574.0,0.8767989628951218,Diesel,yes,25000.0
Mercedes-Benz,A4,2019,crossover,36617.0,4.116029432332127,Other,no,47400.0
Renault,Clio,2001,vagon,46793.0,1.2820067494662322,Petrol,yes,16700.0
Mitsubishi,X3,2013,other,14075.0,0.9502540179777739,Other,yes,24100.0
Toyota,Golf,2003,van,2973.0,2.4021719134186057,Petrol,yes,36100.0
Volkswagen,X3,2000,other,24799.0,1.7213652371348342,Diesel,yes,22600.0
Mercedes-Benz,Golf,2022,other,13341.0,1.6031581499682046,Diesel,no,37000.0
BMW,A4,2017,vagon,12394.0,2.4765152460557758,Gas,yes,37300.0
BMW,Golf,2012,van,160772.0,0.8,Gas,no,24900.0
Mercedes-Benz,X3,2001,vagon,47894.0,0.8,Other,yes,31800.0
Volkswagen,Clio,2008,crossover,40695.0,1.5220613078854175,Diesel,yes,32700.0
Toyota,Camry,2020,sedan,26873.0,2.86232139156266,Diesel,yes,32300.0
Mercedes-Benz,X3,2001,other,28013.0,1.556755765269773,Gas,yes,24700.0
Renault,Golf,2008,sedan,38924.0,3.2793253476228914,Petrol,yes,26000.0
Renault,Camry,2000,vagon,59607.0,2.960811808937512,Other,yes,18800.0
BMW,Golf,2010,vagon,60557.0,2.226356947605988,Other,yes,33800.0
Mitsubishi,Clio,2002,vagon,9418.0,2.2717790874998056,Gas,yes,25700.0
Toyota,Golf,2019,sedan,34668.0,2.2256021000134845,Diesel,yes,37200.0
BMW,A4,2022,vagon,26547.0,2.12777418294568,Gas,yes,42200.0
Mitsubishi,C-Class,2003,crossover,102214.0,1.7070066420174563,Gas,yes,15000.0
Mitsubishi,X3,2017,vagon,49904.0,1.7998497334342698,Gas,yes,26900.0
Renault,C-Class,2022,hatch,38018.0,1.1440318747259344,Gas,no,21700.0
Volkswagen,Golf,2005,sedan,6130.0,0.8,Petrol,yes,20900.0
Audi,Clio,2002,hatch,46524.0,2.8832564874256397,Petrol,yes,24500.0
Volkswagen,X3,2021,vagon,6233.0,2.1258067494282384,Diesel,no,37600.0
Audi,Golf,2010,crossover,20564.0,2.004969084497429,Gas,yes,39800.0
Mercedes-Benz,Camry,2014,other,7706.0,2.3187592982863037,Petrol,yes,34500.0
Renault,Outlander,2021,van,58894.0,1.3372820361650808,Diesel,yes,30600.0
Mitsubishi,Golf,2004,van,11549.0,1.1991502292924536,Gas,yes,24500.0
Toyota,C-Class,2019,vagon,24867.0,1.773052245057478,Other,no,33300.0
Audi,X3,2009,crossover,113012.0,3.0944787854110505,Petrol,no,31800.0
Volkswagen,C-Class,2011,sedan,11427.0,1.0650071772054988,Diesel,no,31600.0
Mitsubishi,X3,2014,hatch,35444.0,0.8,Other,yes,22800.0
Audi,Golf,2016,hatch,27173.0,1.582879126544998,Gas,yes,31600.0
Audi,A4,2009,hatch,1000.0,2.9141599329881465,Gas,yes,33300.0
Audi,Camry,2005,sedan,78693.0,0.8,Gas,yes,19800.0
Toyota,Golf,2017,van,3577.0,1.0557731169417026,Petrol,yes,39900.0
Renault,C-Class,2012,crossover,32146.0,2.210837392462535,Diesel,yes,30800.0
Toyota,Outlander,2002,sedan,41126.0,4.055925628380268,Other,yes,29700.0
BMW,Outlander,2023,hatch,49500.0,0.9134306651790436,Diesel,yes,34800.0
Mitsubishi,Clio,2009,vagon,58338.0,0.8824527268256326,Petrol,no,18300.0
Renault,X3,2013,other,14602.0,2.2709586950713483,Diesel,no,25700.0
Renault,C-Class,2005,sedan,1000.0,2.9637395519949634,Petrol,yes,24300.0
Renault,Clio,2002,sedan,64267.0,1.5007210301394318,Gas,yes,16200.0
Volkswagen,C-Class,2015,crossover,38356.0,0.8,Other,yes,33900.0
Renault,X3,2006,crossover,90430.0,2.3469993767090767,Gas,no,16900.0
Toyota,Golf,2019,sedan,86127.0,2.4918731178423785,Diesel,yes,32600.0
Renault,Golf,2013,hatch,92679.0,3.422924101230599,Gas,yes,23700.0
Mercedes-Benz,Outlander,2008,other,33188.0,2.525557689859423,Other,yes,32700.0
Mitsubishi,Golf,2014,crossover,20295.0,2.6624528610979037,Gas,yes,33200.0
Renault,Golf,2020,hatch,78404.0,1.7902838849056755,Other,yes,18900.0
Mitsubishi,A4,2002,vagon,30009.0,3.9532034737355746,Other,yes,30000.0
Mercedes-Benz,Outlander,2001,crossover,10132.0,1.681486391529224,Gas,yes,36400.0
Mercedes-Benz,Clio,2001,hatch,96542.0,1.510462302870584,Petrol,yes,19600.0
Mitsubishi,Camry,2002,hatch,107091.0,3.4476119348148853,Diesel,yes,19200.0
Audi,A4,2017,other,31396.0,0.820610176883672,Petrol,yes,28100.0
BMW,Clio,2013,other,3935.0,0.8,Petrol,no,28400.0
Volkswagen,X3,2019,vagon,24536.0,2.0956455396787876,Gas,yes,34800.0
Audi,A4,2017,hatch,81364.0,1.9986107813794436,Diesel,no,28200.0
Audi,Clio,2009,van,116024.0,1.81768961475947,Diesel,yes,32400.0
Toyota,X3,2001,hatch,11374.0,2.7951438056973217,Petrol,yes,26700.0
Volkswagen,Outlander,2021,other,3466.0,1.2734350541691435,Gas,yes,30700.0
Volkswagen,Camry,2000,van,104921.0,2.051333700499739,Diesel,yes,21800.0
Audi,X3,2003,crossover,24666.0,1.7119152378894504,Petrol,yes,33300.0
Renault,Golf,2013,crossover,39018.0,1.2870251999145994,Diesel,yes,25200.0
Toyota,C-Class,2000,sedan,172203.0,1.9505279328314533,Gas,yes,8400.0
Toyota,X3,2013,other,3444.0,2.6820766426360825,Gas,yes,31900.0
Mercedes-Benz,X3,2015,sedan,52251.0,3.6964544963444013,Gas,no,35800.0
Volkswagen,Camry,2021,van,3849.0,2.4635351863191755,Diesel,no,42300.0
Audi,C-Class,2013,other,23537.0,0.8,Other,yes,21200.0
Mercedes-Benz,Golf,2019,vagon,81434.0,1.969487931646681,Diesel,no,34600.0
Mitsubishi,Clio,2002,hatch,28411.0,2.039842232722266,Other,yes,18400.0
BMW,Clio,2002,vagon,293592.0,2.74896720766396,Gas,yes,7500.0
Toyota,X3,2008,van,40942.0,2.1478482419917913,Petrol,no,32400.0
Mitsubishi,C-Class,2005,other,19368.0,3.002471133841661,Other,yes,24200.0
Mitsubishi,C-Class,2012,van,12430.0,2.3133364924922173,Gas,yes,33400.0
Renault,Golf,2020,hatch,21579.0,3.247038455598311,Gas,yes,31300.0
BMW,Camry,2001,crossover,23303.0,1.6490032639613652,Other,no,32800.0
Mitsubishi,Outlander,2007,crossover,3559.0,2.115474773837355,Petrol,no,29700.0
Mitsubishi,Clio,2020,van,23067.0,2.661313228311917,Gas,yes,37500.0
BMW,Camry,2001,sedan,31203.0,1.5422447437652451,Other,yes,30100.0
BMW,A4,2003,other,64139.0,1.3679897583351392,Petrol,yes,24300.0
Mitsubishi,Clio,2014,other,53461.0,1.4965183202506518,Petrol,yes,18900.0
BMW,Camry,2003,crossover,61681.0,1.400627506328862,Gas,yes,30400.0
Mitsubishi,Clio,2012,vagon,1000.0,2.418049536700262,Diesel,yes,41500.0
Mitsubishi,Outlander,2011,hatch,12273.0,0.8,Diesel,yes,26100.0
Renault,A4,2012,vagon,54188.0,0.8,Gas,yes,20700.0
Audi,Outlander,2013,vagon,33081.0,3.49019719388581,Petrol,yes,40300.0
Mitsubishi,Golf,2019,van,1000.0,1.4199226232206579,Gas,yes,37100.0
Mercedes-Benz,A4,2017,crossover,81608.0,2.1600118809373985,Other,no,38400.0
Toyota,X3,2005,crossover,74098.0,0.8086828656806972,Diesel,yes,22400.0
Volkswagen,Camry,2010,crossover,39750.0,2.075299414231421,Other,yes,30300.0
Audi,A4,2001,van,3438.0,1.424794665854877,Gas,yes,30100.0
Audi,Golf,2022,sedan,72731.0,0.8,Gas,yes,29200.0
Audi,Golf,2018,vagon,43819.0,3.069536350051771,Petrol,yes,38800.0
Renault,Outlander,2018,van,76153.0,2.946052581648697,Petrol,yes,32400.0
Mitsubishi,Clio,2004,other,69665.0,1.9141161674287868,Petrol,yes,12700.0
Renault,A4,2018,hatch,,2.799535226142329,Other,yes,23300.0
Mitsubishi,Camry,2001,sedan,36491.0,3.5226341501817284,Petrol,yes,27900.0
Renault,A4,2009,other,7560.0,2.6032607465264714,Gas,yes,23200.0
Renault,C-Class,2001,vagon,55608.0,2.3837437916079707,Petrol,no,14800.0
Toyota,Clio,2010,crossover,48441.0,2.1591597571866474,Diesel,yes,34500.0
Mercedes-Benz,Camry,2017,vagon,67788.0,2.5195978918873916,Petrol,yes,38200.0
Renault,Camry,2023,van,9309.0,1.7088644852082908,Other,yes,36300.0
Toyota,X3,2014,hatch,10844.0,1.7786913046708426,Diesel,yes,31300.0
BMW,Outlander,2008,van,110550.0,2.360713100170012,Diesel,yes,39200.0
Mercedes-Benz,X3,2022,sedan,69310.0,1.620908103872377,Diesel,yes,35300.0
Renault,Camry,2018,sedan,119422.0,1.707360261765198,Other,yes,24300.0
Volkswagen,Clio,2008,hatch,71088.0,2.000149331707979,Gas,yes,19300.0
Audi,A4,2002,other,45460.0,2.9204860404744553,Petrol,yes,25600.0
BMW,A4,2020,other,53085.0,1.093868997152282,Diesel,yes,30000.0
BMW,Clio,2008,sedan,109968.0,2.607342802164209,Diesel,yes,27600.0
Toyota,Camry,2013,sedan,43233.0,2.6334371302427764,Diesel,yes,32000.0
BMW,Golf,2018,crossover,50036.0,2.6286496074374472,Gas,yes,42900.0
Mercedes-Benz,A4,2006,other,8508.0,1.354602895832409,Gas,yes,24800.0
Renault,Golf,2015,hatch,32115.0,0.8,Other,yes,22400.0
Renault,A4,2015,other,63009.0,2.447760377929138,Gas,no,15200.0
Volkswagen,A4,2000,crossover,15800.0,2.1500310275311696,Petrol,yes,29000.0
Audi,Outlander,2003,van,11298.0,2.8035013078105058,Other,no,39200.0
Toyota,Outlander,2003,sedan,18831.0,1.439570537592369,Other,yes,22400.0
Audi,C-Class,2006,sedan,13820.0,2.608094701005089,Petrol,yes,35300.0
BMW,X3,2007,crossover,12098.0,2.8435296897755293,Petrol,yes,41700.0
Volkswagen,Clio,2016,hatch,27656.0,1.9237522231605195,Petrol,no,30400.0
Audi,Clio,2004,sedan,119210.0,2.3335436026118535,Other,yes,19400.0
Mercedes-Benz,Clio,2006,vagon,35368.0,2.305573166019276,Other,yes,41600.0
Renault,C-Class,2019,sedan,10407.0,1.3428243767762797,Other,yes,24200.0
BMW,Outlander,2019,vagon,4004.0,2.424877281827686,Petrol,yes,44100.0
Volkswagen,Camry,2003,crossover,59562.0,3.2979986727208113,Petrol,yes,25600.0
Audi,Golf,2005,crossover,24128.0,2.0177631476341094,Diesel,no,38800.0
Toyota,Golf,2006,sedan,86251.0,0.8312600490786741,Gas,no,14800.0
Mercedes-Benz,Camry,2017,other,,1.450218775268792,Diesel,yes,31500.0
Mercedes-Benz,C-Class,2004,vagon,79540.0,0.8,Petrol,no,25400.0
Audi,Camry,2019,hatch,15869.0,3.0322089032368518,Other,yes,38800.0
Renault,Clio,2002,sedan,58941.0,2.611284237062476,Petrol,yes,18800.0
Audi,X3,2006,hatch,15330.0,1.5989045826657453,Gas,yes,25000.0
BMW,A4,2021,sedan,139900.0,0.8655520624248507,Diesel,yes,27400.0
Audi,Golf,2013,other,50581.0,1.3333640334060077,Diesel,no,26200.0
Mercedes-Benz,Outlander,2006,other,19615.0,1.4893784274422819,Other,yes,28800.0
Volkswagen,Outlander,2004,other,15702.0,2.0875260792160466,Diesel,yes,28900.0
Audi,C-Class,2021,van,10593.0,2.060607474558704,Diesel,yes,44500.0
Renault,Outlander,2004,other,59313.0,3.073145580298962,Petrol,yes,19200.0
Volkswagen,Clio,2022,crossover,12340.0,1.445796113841566,Diesel,yes,42100.0
Toyota,Golf,2001,crossover,45230.0,0.8,Diesel,no,23500.0
Mitsubishi,Camry,2020,van,15369.0,1.0744172198861663,Diesel,no,30500.0
Audi,Clio,2021,vagon,54230.0,1.9815801164427993,Other,yes,34700.0
Renault,C-Class,2005,hatch,,1.4170575464433672,Other,yes,14000.0
Volkswagen,Clio,2014,sedan,75259.0,1.7663931635895793,Petrol,yes,25400.0
Renault,Camry,2020,sedan,71533.0,1.6367731357444448,Diesel,yes,28100.0
Toyota,X3,2009,van,10395.0,2.7921907629641463,Other,yes,37100.0
Mercedes-Benz,C-Class,2022,crossover,4626.0,1.5304274503261424,Other,yes,47700.0
Renault,X3,2023,sedan,60023.0,1.698126338441752,Petrol,yes,25700.0
Volkswagen,A4,2006,crossover,22970.0,2.5738268649270206,Gas,yes,31500.0
Renault,X3,2004,vagon,28312.0,1.5480144711743393,Diesel,yes,24400.0
Renault,A4,2000,hatch,1582.0,2.338569899565614,Other,yes,20200.0
Renault,A4,2012,vagon,15026.0,2.265188209617407,Petrol,yes,32900.0
BMW,X3,2020,van,1712.0,2.1134126871688634,Petrol,yes,46000.0
BMW,C-Class,2017,other,105675.0,1.0924828938348081,Petrol,no,20100.0
Mercedes-Benz,Camry,2012,other,13945.0,2.9838193796175494,Other,yes,33800.0
Audi,Clio,2020,other,40747.0,3.776547037266491,Diesel,no,40900.0
Renault,Clio,2020,vagon,1987.0,2.007062510613916,Gas,yes,34500.0
Toyota,Camry,2017,sedan,54957.0,1.1629161013036997,Diesel,yes,28700.0
Audi,Golf,2004,hatch,19506.0,2.0232821666600183,Petrol,yes,27800.0
Toyota,Golf,2012,other,114099.0,2.7918881124687993,Petrol,no,22300.0
Audi,A4,2003,van,109515.0,1.5078498594275143,Gas,yes,23400.0
Mercedes-Benz,A4,2016,van,19673.0,1.8968806527054483,Diesel,yes,45300.0
Renault,C-Class,2002,other,115612.0,2.272523309129713,Petrol,yes,10800.0
Renault,Outlander,2016,other,278083.0,2.9624382817647397,Petrol,yes,3700.0
Mitsubishi,X3,2010,hatch,87267.0,2.6203389864714994,Diesel,yes,24300.0
Toyota,A4,2020,other,93175.0,2.65349437562581,Petrol,no,25600.0
Audi,Clio,2019,hatch,,1.6589851546588599,Diesel,yes,40800.0
Audi,C-Class,2022,van,42983.0,2.3215351641391386,Petrol,yes,41500.0
BMW,X3,2020,other,3481.0,1.4224293382998967,Diesel,yes,34700.0
Mitsubishi,C-Class,2003,vagon,4986.0,,Gas,yes,29500.0
Volkswagen,X3,2001,vagon,300000.0,2.9209757126284908,Petrol,yes,3000.0
Volkswagen,X3,2019,van,19773.0,2.4426908550180984,Gas,yes,36300.0
BMW,Camry,2015,hatch,68952.0,1.7060715305641476,Petrol,yes,33100.0
BMW,A4,2017,vagon,82166.0,1.8370182975667215,Petrol,yes,31000.0
BMW,C-Class,2007,hatch,97604.0,3.445212968529608,Other,yes,26500.0
Toyota,C-Class,2002,vagon,300000.0,1.719431644301203,Diesel,no,3000.0
Toyota,Camry,2008,vagon,13820.0,2.8399953339604544,Gas,yes,36200.0
Mercedes-Benz,Clio,2019,hatch,2059.0,2.271113278574817,Gas,yes,36300.0
Mercedes-Benz,Clio,2005,sedan,26482.0,1.7326908412321258,Gas,yes,32400.0
BMW,Golf,2009,vagon,6967.0,0.9242807780244597,Diesel,yes,35200.0
Mitsubishi,A4,2020,other,1134.0,2.1692803044708056,Other,yes,32300.0
Audi,A4,2009,van,22347.0,2.072880693284898,Gas,yes,36900.0
Toyota,Outlander,2012,sedan,76563.0,3.4452277371674667,Diesel,yes,35300.0
Mitsubishi,Camry,2016,hatch,41756.0,1.3118458436620013,Petrol,no,20800.0
Renault,Clio,2008,sedan,18754.0,3.8358148732382276,Gas,yes,24700.0
Toyota,X3,2016,crossover,53115.0,2.3030484235972746,Gas,yes,32400.0
Toyota,C-Class,2023,crossover,13199.0,2.3022633769777263,Other,yes,41500.0
Mercedes-Benz,A4,2008,vagon,1000.0,,Gas,yes,39700.0
Audi,C-Class,2008,vagon,72271.0,2.251765046043575,Gas,yes,26800.0
Audi,C-Class,2000,other,48874.0,2.3784407425865703,Petrol,no,17800.0
Volkswagen,Outlander,2001,van,71837.0,2.7498618334567015,Diesel,yes,30900.0
Volkswagen,Clio,2015,sedan,1985.0,1.2173422339264457,Diesel,yes,30200.0
Volkswagen,A4,2000,crossover,90736.0,3.125424684630431,Other,yes,23000.0
Volkswagen,C-Class,2009,vagon,48316.0,2.2891324190175837,Petrol,yes,28000.0
Renault,A4,2017,van,41436.0,2.48658311624585,Diesel,yes,35800.0
Renault,X3,2007,sedan,48990.0,1.8232461907961914,Petrol,yes,19600.0
Toyota,Outlander,2020,vagon,99914.0,1.2574858893767595,Diesel,yes,27400.0
BMW,X3,2010,vagon,44207.0,2.05817970192263,Petrol,yes,35800.0
Mercedes-Benz,A4,2022,crossover,43488.0,2.1498364398585745,Other,yes,43400.0
Mercedes-Benz,Golf,2001,crossover,233775.0,0.8916573855084073,Gas,no,6700.0
Volkswagen,A4,2007,vagon,70679.0,2.6346283241321,Other,yes,28100.0
Toyota,Clio,2021,hatch,29196.0,2.7972197071172644,Diesel,no,36500.0
Mitsubishi,C-Class,2007,vagon,61446.0,1.4162683009430985,Other,yes,24800.0
BMW,C-Class,2016,van,24651.0,1.1819317197823267,Gas,yes,42800.0
Toyota,X3,2014,vagon,12995.0,1.757630898500559,Other,yes,31400.0
BMW,Outlander,2016,other,45422.0,2.0191160775890395,Diesel,yes,32900.0
BMW,Golf,2022,other,131681.0,1.7886631920677325,Diesel,yes,24400.0
BMW,Camry,2023,other,132352.0,1.9512657337833734,Other,yes,21500.0
Toyota,C-Class,2012,hatch,20920.0,2.177182158140733,Gas,yes,28100.0
Volkswagen,Clio,2018,hatch,37504.0,0.9053848490194967,Other,no,25600.0
Mercedes-Benz,X3,2004,vagon,11889.0,0.997363498157388,Gas,yes,33400.0
Mercedes-Benz,X3,2011,other,271662.0,0.8,Petrol,yes,3000.0
Volkswagen,Camry,2000,hatch,198477.0,2.7540361827627775,Gas,yes,4600.0
BMW,Clio,2022,crossover,52421.0,2.0121816164939594,Petrol,no,40300.0
Mitsubishi,Outlander,2004,vagon,81587.0,2.8382809051721254,Other,yes,18600.0
Audi,Clio,2007,van,62780.0,1.0898096033508862,Gas,yes,32200.0
Toyota,Outlander,2012,sedan,44966.0,2.01952587162653,Petrol,yes,28600.0
Audi,Clio,2007,vagon,2741.0,2.171861204893281,Petrol,yes,33700.0
Volkswagen,Clio,2022,sedan,30326.0,1.5505740041359881,Petrol,no,27700.0
Mitsubishi,A4,2010,other,56163.0,0.8,Diesel,yes,21200.0
Toyota,X3,2000,sedan,56587.0,3.396697068908126,Other,yes,24800.0
